0,test,?&"?q,student
1,test,?&"?q,student
2,test,?&"?q,student
3,test,?&"?q,student
4,test,?&"?q,student
5,test,?&"?q,student
6,test,?&"?q,student
7,test,?&"?q,student
8,test,?&"?q,student
9,test,?&"?q,student
10,test,?&"?q,student
11,test,?&"?q,student
12,test,?&"?q,student
13,test,?&"?q,student
14,test,?&"?q,student
15,test,?&"?q,student
16,test,?&"?q,student
17,test,?&"?q,student
18,test,?&"?q,student
19,test,?&"?q,student
20,test,?&"?q,student
21,test,?&"?q,student
22,test,?&"?q,student
23,test,?&"?q,student
24,test,?&"?q,student
